country,date,paragraph,article_count,is_climate,sentiment_climatebert,climatebert_label,climatebert_confidence,climatebert_pct_pos,climatebert_pct_neg
India,2020-06-30,"Geologists Identify Deep - Earth Structures That May Signal Hidden Metal Lodes | Lamont - Doherty Earth Observatory. Is concrete the way forward in rebuilding the Sunderbans. Locust control : Govt deploys helicopter ; more aerial spraying to be deployed on IAF choppers. The Oil Downturn : A Catalytic Moment for Renewable Energy ? [ GGP ]. An early lockdown helped India beat COVID - 19 - Market Business News. Kelly McParland : Trudeau drives straight into another pothole with the WE controversy | National - Perspectives | Opinion. Human Rights Council opens forty - fourth regular session , hears High Commissioner update on the human rights implications of the COVID - 19 pandemic - Myanmar. A Trade War On Two Fronts : U . S . Considers More Tariffs On European Goods | Sheppard Mullin Richter & Hampton LLP. Germany takes EU hot seat with big challenges , expectations. Geothermal Heat Pump Market Share , Size 2020 : Industry Trends And Growth Rate , Product & Application Segmentation , Key Companies And Regional Analysis By 2024| Says Market Reports World. Global Geothermal Heat Pump ( GHP ) Systems Market Research Report 2020 Obervational Studies with Top Manufacturers like Robert Bosch , Kensa Heat Pumps , Finn Geotherm , Stiebel Eltron , Glen Dimplex – Galus Australis. Building climate resilience for malaria elimination. Expect more heatwaves , droughts in India : Report. India moves to include compressed biogas under Priority Sector Lending. COVID cases : Which states are pausing reopening plans ? See list. Analysts on Chinese Apps Ban : India to Lose Revenue , Jobs , Major Economic Dent for China :. Syed Ali Shah Geelani exit from Hurriyat marks not just sunset of the jihadist patriarch , but likely collapse of the separatist alliance. The Sunset of Kashmir Jihadist Patriarch , Syed Ali Shah Geelani – Indian Defence Research Wing. Turning the wheels of mobility clean and green - The Hindu BusinessLine. With locusts swarms entering India every 2 - 3 days , there cloud over kharif crop. India to receive six Rafale aircraft amid border tensions with China. Pushing back at Beijing : A  constrainment  doctrine is needed. Nana Amoasi VII thoughts … Harmonizing West Africa increased electricity generation with climate change objectives | Business Financial Times Online. US gains ground in effort to freeze Huawei out of 5G. Germany Takes EU Hot Seat with Big Challenges , Expectations as Europe Grapples with Pandemic Fallout. Unmissable opportunity  to embed climate change actions into Covid recovery plans. Harmonizing West Africa increased electricity generation with climate objectives. News Detail : News. US : How Did Shale Oil , Gas Markets React to COVID - 19 ?. BNEF : India is leading the planet clean power revolution. Indian nationalist uproar provoking market animosity for Chinese businesses. World farm subsidies hit $2 billion a day. Subsidies in Fisheries sector ! Hybrid Solar Wind Energy Generator : Building Climate Change Resilient Fisheries Sector. USTR Considers New Tariffs on Goods from Europe. Political Turmoil and a Pandemic : Could More Firms Exit Hong Kong ?. Record Number of Student Teams to Participate in the APAC HPC and AI Competition. Where are they now ? Catch up with 30 Under 30 alumni | A Green Living Blog - Go Green , Green Home , Green Energy. Yanis Varoufakis : Interview with Léa El Azzi on Capitalism After the Pandemic , Europe , Greece , Lebanon & the IMF. Sensex and Nifty : Sensex erases early gains , sheds 46 points , but logs best quarter in 11 years. Remark by Abebe Aemro Selassie at the IEA Africa Ministerial Roundtable on COVID - 19 Impact on Africa Energy Sector. Kandeh Yumkella  Garden of Eden Syndrome  theory on corruption – Op ed – SIERRA LEONE TELEGRAPH. India steps up vigil for cyber attacks from China after apps ban",42,True,1.0,opportunity,0.7968,1.0,0.0
India,2020-07-01,"Business Highlights. Business Highlights - 680 NEWS. Thirteen UChicago faculty receive named , distinguished service professorships. A grim picture of climate change in India. Global COVID - 19 Report. Oli bluster | The Indian Express. UK offers British citizenship to nearly 3m people living in Hong Kong after China security crackdown. Delhi HC extends time granted to public to give suggestions for draft EIA 2020. Cornell Atkinson awards $1 . 1M to innovative projects. Horsemen of Apocalypse. Zoonotic Diseases. New reports on surveillance ,  demographic genocide  of Uighurs ; Israel hesitates on annexation ; Russian election comes to close. Draft EIA Notification 2020 could spell disaster for Western Ghats , say experts. The debheel is in the details. Covid - 19 update : Behavioural changes will have long - term effect on energy demand. Vibrant agriculture led by PM is our best bet - 490938. TCS Debuts AI - Powered Software to Help Businesses Overcome Challenges of Reopening Amid COVID - 19 |. Washington Post Climate quiz - The Washington Post. With an emergency move , Im working to find happiness outside of America Quartz at Work. New reports on surveillance ,  demographic genocide  of Uighurs. Latest Corona - related news in brief :. Ask HN : Who is hiring ? ( July 2020 ). Subsidiaries of Indian firms in China get caught in crossfire [ Mint , New Delhi ]. Waterproofing Solutions Market to Grow at a CAGR of 7 . 2 % During the Forecast Period 2020 - 2025. Why India agricultural reforms will do little to boost farmer incomes , says JNU professor. Forget doubling incomes , Farmers will be happy if incomes grow at all. When Covid - 19 impacts your PhD fieldwork | Institute of Development Studies. Geologists identify deep - earth structures that may signal hidden metal lodes. Recognise the importance of forests. Justice for Elijah McClain , End Qualified Immunity , and Tell UN to Fund Anti - Poaching Efforts : 10 Petitions to Sign this Week to Help People , Animals and the Planet. Q & A : Researchers investigate a plague of locusts in East Africa. Africa : A Post - Pandemic World Is Unlikely to Focus On Meeting Need Over Human Greed. DMCC Welcomes 805 New Companies in First Half Of 2020 and Strengthens Ties with China and Tech. Atmanirbhar Bharat : Missing a focus on air pollution and climate change. India coronavirus dispatch : States cant seal borders under Unlock 2 . 0. Politics in Times of Death. 10 Forgotten Lands Submerged By The Ocean. Tree Plantations Waste Money , Harm The Environment : New Study. Power Quality Equipment Market 2020 All Major Industrial Aspects , and COVID - 19 Impact Analysis. 2020 - 2021 Digital Agriculture Market and Impact of COVID - 19 | Breakdown by Smart Farming Systems and Region. Coronavirus and the crises of United States capitalism. DMCC keen to attract more Chinese innovators and tech startups into Dubai. IBC amendments : Lessons India could have learnt from the world. A post - pandemic world is unlikely to focus on meeting need over human greed. Platinum group metals in pole position to benefit from global decarbonisation thrust. A Trade War On Two Fronts : U . S . Considers More Tariffs On European Goods. German university researchers turn spotlight on Son Beel rich potential | Guwahati News. Can Pakistan Get out of Cobweb ?. Yak breeding : Druk , a male from Bhutan to improve health of Sikkim yaks. Human Rights Council opens forty - fourth regular session , hears High Commissioner update on the human rights implications of the COVID - 19 pandemic - World. Global environmental developments in June 2020. Prosus N . V . ( PROSY ) CEO Bob van Dijk on Q4 2020 Results - Earnings Call Transcript. Leniency during COVID - 19 is fine , but decriminalising Section 138 encourages financial crime , harms creditor confidence and hurts economy. Alexander Downer : China  complete miscalculation  on Australia after coronavirus. The World Is Burning and Canada Will Not Extinguish It. August 5 Sparked It All. Resurgence of the Tea Industry. Coronavirus and crises of US capitalism. Can Pakistan Get out of Cobweb ? - Sri Lanka Guardian. Transcript : Ambassador Taranjit Singh Sandhu on the U . S .- India Partnership. India - China clash : Congress says Prime Minister Narendra Modi afraid to look China in the eye. With India TikTok ban , the world digital walls grow higher - bdnews24 . com. New South Wales Shuts Border ; Fauci Issues Warning : Virus Update. Australia House Prices Fall ; Trump Angry at China : Virus Update. Roshni Hegerman returns to McCann Sydney in the role of executive strategy director – Campaign Brief. CP Daily : Tuesday June 30 , 2020 « Carbon Pulse",66,True,1.0,opportunity,0.8547,1.0,0.0
India,2021-06-30,"The three pillars of climate journalism : Science , politics , and social justice - Ece Baykal Fide. Why build 600 new unprofitable coal plants ? | Hellenic Shipping News Worldwide. Five Asian countries account for 80 % of new coal power investment | Hellenic Shipping News Worldwide. Officials and Experts : Bangladesh Only Canceled Coal Power - Projects for Lack of Funding. Latest Update 2021 : Global Geothermal Heat Pump Market by COVID - 19 Impact Analysis by MRS – KSU. Eurozone inflation dip to briefly take the wind out of hawk sails. Britain Promises NO MORE Coal - Generated Electricity By 2024 Calls Out Governments To Follow Its Action. New coal plants in Asia threaten Paris targets. Nigeria : Buhari , Nirsal and Agro - Nigeria. Ford Foundation Commits $420 Million to Tackle Gender Inequality Around the Globe Post COVID - 19. Oil prices could skyrocket if OPEC+ fails in pledge to deliver more supply. Oil Prices Could Skyrocket If OPEC+ Fails in Pledge to Deliver More Supply – NBC Connecticut. Oil Prices Could Skyrocket If OPEC+ Fails in Pledge to Deliver More Supply – NBC 7 San Diego. Borders worth protecting. NLSIU reserves 25 % seats for students from Karnataka. Big tech firms need to responsible & accountable when they have power : S Jaishankar. Guindy National Park : From colonial game reserve to the green lungs of Chennai. The Brief , powered by ESA – Plugging Italy digital shortfall – EURACTIV . com. Do Not Buy the Covid Delta Variant Propaganda – Investment Watch",19,True,-1.0,risk,0.4799,0.0,1.0
India,2021-07-01,"South Kashmir village youth undertakes innovative job creation initiative. China Boasts of Economic Might While Exploiting  Developing  Status. Needed : An Effective Nuclear Energy Policy. News - U . S . Power Grid at Government - Induced Tipping Point. Arnold Schwarzenegger wants people to unite to tackle climate change as  politicians really screw everything up. How Nissan learned to stop worrying and love Brexit. Nissan unveils united kingdom battery gigafactory as electric drive accelerates. Imagining The City Of The Future. Briefing with John Kerry , Special Presidential Envoy for Climate - United States Department of State. With forests being at the centre of climate change discourse , are we ignoring role of grasslands ?. 2021 Trafficking in Persons Report - United States Department of State. Envisioning the post - pandemic smart city. Global Carbon Credit Market is estimated to account for US$ 2 , 407 . 8 Mn by end of 2027 ; owing to increasing global warming impact , Says Coherent Market Insights ( CMI ) – Padovanews. OneWeb launches satellites to roll out northern internet service. Asia | Where we work | HelpAge International. LEAF Coalition proposal is a step forward in saving forests , indigenous peoples. Human Rights Council Starts Dialogue with the Special Rapporteur on Peaceful Assembly and Association , and Concludes Dialogue with the Special Rapporteur on Extrajudicial , Summary or Arbitrary Executions - World. J _ xA0 _ All - Party Meeting : How the Modi Govt Made a Virtue Out of Necessity. Ask HN : Who is hiring ? ( July 2021 ). Converting biowaste to biogas could power cleaner , sustainable Earth future. Human Rights Council Starts Dialogue with Special Rapporteur on Peaceful Assembly and Association. India hopes to be No . 1 manufacturing hub for electric vehicles , minister says. Space tech start - up Pixxel to launch 36 hyperspectral satellites by December 2023. Global Geothermal Power Generation Market to Reach $6 . 6 Billion by 2026. World Has Achieved 6 Milestones in Renewable Energy So Far in 2021. World Bank Approves $500 Million Loan To Support India Informal Sector Workers. House Democrat united front. The Free World vs . China and Friends : It ideology , stupid. Seychelles President to The Media Line : Im Ready to Play Role as Negotiator. Amid extreme weather , city and company climate action is more important than ever. Fitch Ratings does not expect decarbonisation measures to hit cement company profits in the medium term. Regressive moves in Lakshadweep in India - Statement by Vikalp Sangam. African tech reboots as investment roars back. India targets to create add 2 billion carbon sequestration. 01Jul2021 Pre - Market Commentary : Wall Street Futures Are Flat As The Markets Kick Off The Second Half With The SP 500 At A Record High , DOW Up 62 Points , Nasdaq Down 0 . 04 %, US Dollar Inches Higher 92 . 35 , Bitcoin Slips 33800. Nissan unveils united kingdom battery gigafactory. Heatwave Could Pose Bigger Challenges for Frontline Workers , Covid - 19 Patients. China role in amplifying Southern Africa extreme uneven development. Global Carbon Credit Market is estimated to account for US$. The long goodbye to covid - 19. Cannes 2021 line - up guide : Special and Midnight Screenings , Cinema For The Climate titles. VIETNAM NEWS HEADLINES JULY 1. Portugal bids EU presidency  adeu as Slovenia takes the helm. About 40 percent of India districts have some form of coal dependency. The Mercury Sound Off for Thursday , July 1. With a Little Help , Local Communities Rack up Record Success with Heritage Rice Grains. India is targeting additional 2 bn carbon sequestration by 2030 : Javadekar. Resisting global tax : Joint endeavour or collective surrender ?. How to Stop Global Warming : Misery or Death. TOP NEWS SUMMARY : Factory readings stronger in Europe , weaker in Asia. The CPC merits deeper study and understanding by the outside world -- Beijing Review. Adivasi agriculture question : Increasing alienation due to failure to implement protective land laws. India has target of creating additional 2 billion carbon sequestration by 2030 , says Javadekar. Aviation Sustainability and the Environment , CAPA 01 - Jul - 2021. Online Payment API Market is Booming Worldwide with Alipay , Authorize . net , FirstData , Stripe. Electric Tractor Market Next Big Thing | Major Giants John Deere , Escorts , Kubota. Fraud Detection and Prevention Solution Market is Thriving Worldwide with Experian , Fiserv , ACI Worldwide. Africa : People for Trees , Trees for People. Santa Fe Events – SantaFe . com. Investing in Environmentally Friendly Green Technology. Maharashtra : Short - Staffed Hospitals Deprive COVID Patients of Proper Care in Beed. Germany : Inaction on Heat Plans Threatens Health. Africa : Rising Heat - Seven Ways Sweltering Cities Can Stay Cool. India Pursues Ambitious Solar Goals Despite Pandemic Impact. Asia Plans for New Coal Plants Endanger Climate Targets : Report. Recent acquisition highlights - December 2018. Why PharmEasy bought Thyrocare. ION Energy gets $3 . 6 million in pre - Series A funding round. Japan bank head says transition funds are critical for climate. Press Briefing by Press Secretary Jen Psaki and Administrator of the U . S . Environmental Protection Agency Michael Regan , June 30 , 2021. China ties | The Australian. Our Increasingly Unrecognizable Civilization. Smoke Detectors & Fire Alarm Systems Market Expectation Surges with Rising Demand and Changing Trends – KSU. Fixed Broadband Services Market Analysis , Size , Strategic Assessment , Market Growth and Forecasts to 2026 – KSU. Pay TV Market is set to Experience a Revolutionary growth by 2026 – KSU. A2P and P2A Messaging Market is set to Experience a Revolutionary growth by 2026 – KSU. Almond Butter Market – Expectation Surges with Rising Demand and Changing Trends – KSU. Freeze Dried Snack Market SWOT Analysis by Size , Status and Forecast to 2021 - 2027 – KSU. Disaster Restoration Service Market is set to Experience a Revolutionary growth by 2026 – KSU. Sea Freight Forwarding Market is set to Experience a Revolutionary growth by 2026 – KSU. Brothers , sisters … children of the one God , Lets Talk - ARAB TIMES",81,True,1.0,opportunity,0.9112,1.0,0.0
India,2022-01-01,"UK has sent £86m in green aid to COP26 saboteurs China & India in past five years. Spiralling gas , power prices in Europe a warning to Modi govt not to amend law to favour  electricity traders. SOFREPs 2022 Predictions. Lee says Singapore to bring in much - needed migrant workers - Jammu Kashmir Latest News | Tourism. Going electric : Is the EV two - wheeler buzz real or imaginary ?. Covid live : England reports another record rise in cases ; UAE to ban non - vaccinated from travelling abroad. Antigua Barbuda prime minister Browne 2022 New Year Day a .... Modi releases 10th instalment of PM - KISAN , more than Rs 20 , 000 crore transferred to farmer families. Keeping Pace with the Climate Transition. Rs 20K crore under Kisan Samman Nidhi released , PM stresses on natural farming. Smog - choked Pakistanis demand urgent action on air pollution from PM. Covid live : Omicron will lead to difficult choices - united kingdom health chief ; UAE to ban non - vaccinated from travelling abroad. Nationalism is sweeping the globe . Technology , globalism fuel it .. Covid live : Omicron will lead to difficult choices , says united kingdom health boss ; India reports more than 22 , 000 infections. Year in review for politics , Douglas County and veterans. Results of 2021 : Sanctions Policy - Modern Diplomacy. Over Rs 1 . 8 lakh cr transferred directly to accounts of farmers under PM - KISAN scheme : PM Modi. India will not allow pandemic to dampen development process : PM. Ramaphosa : Archbishop Tutu has been our moral compass and national conscience. The  Canadian dream : Has it overtaken the American Dream ?. Asia in 2022 : Winter Games , new leaders in South Korea , Philippines - Nikkei Asia. Archbishop Desmond Tutu funeral : Read Cyril Ramaphosa eulogy. Cyril Ramaphosa full eulogy at the funeral of Archbishop Emeritus Desmond Tutu. PM releases 10th installment of financial benefit under PM - KISAN Scheme. Boris Johnson quits as world runs out of Greek letters ? Our supporter predictions for 2022. Boris Johnson quits as world runs out of Greek letters ? Our supporter predictions for 2022 | World news. Worldview with Suhasini Haidar | Top 10 foreign policy events in India. New National Security Policy - Daily Times. Investing In Sustainability For Emerging Markets. Experts Speak : What India Should Work On In 2022 To Spur Climate Action. Is democracy on ventilators ?. Boris faces the same fate as John Major if he persists with the elite dogma of net zero",32,True,1.0,opportunity,0.5748,1.0,0.0
India,2022-07-01,"India begins to ban single - use plastics including cups and straws. Climate Activists Glue Themselves to Van Gogh Painting in London | Smart News. Gig economy workers hit by high fuel prices and layoffs. Laila Mostafa Abdullatif elected Chair of WWF Asia Pacific Growth Strategy. Assam floods | Keeping head above water in Silchar. Nepal : GLOBALIZATION AND THE FUTURE OF NEPALESE ECONOMY - part 2 – Telegraph Nepal. Inflation explained : Why prices are going up | Borneo Bulletin Online. Exchange - International Issue 48 - July 2022. Litigations against fossil fuel industry increasing around the world. India mudslide : At least 19 dead , 50 missing. Community Scoop » Dire State Of Ocean Health Met With Tide Of Pledges At UN Ocean Conference. UAE - Indonesia To Increase Annual Bilateral Trade To $10 Bill .... Laila Mostafa Abdullatif Elected Chair Of WWF Asia Pacific .... Envoy reaffirms U commitment to strengthen Pakistan - US ties. Week Ahead - Peak Fed Tightening ? - MarketPulse. U . S .- China Relations at 50 : Learning Lessons and Moving Ahead. Three Bates professors awarded Fulbright Scholar fellowships for 2021 – 22 | News. Pakistan seeks deeper ties with US. UAE - Indonesia to increase annual bilateral trade to $10 billion. Tesla Will Soon Report A Terrible Q2 : Shortseller. Ministers and Officials : The Economic Partnership Agreement between the UAE and Indonesia establishes a new phase of strategic cooperation. UAE President , Indonesian President witness signing of Comprehensive Economic Partnership Agreement. India bans some plastic products - Taipei Times. IIT Madras Energy Consortium Hosts Industry Meet to drive the Transition to a Low - Carbon Future. UAE and Indonesia enter into a landmark trade agreement. UN Ocean Conference ends with call for greater ambition and global commitment to address dire state of Ocean. Mudslide leaves 19 dead , 50 missing in northeast India. Foreign Ministry Spokesperson Zhao Lijian Regular Press Conference on July 1 , 2022. PM urges US companies to invest in Pakistan large market. Climate Change is Driving India Heat Waves , Increasing Wheat Prices – Food Tank. The big news : SC says Nupur Sharma should have apologised for her comments , and 9 other top stories. AP News Summary at 8 : 02 a . m . EDT. UAE latest CEPA trade partner is Indonesia | Markets – Gulf News. US Ambassador Donald Blome meets PM Shehbaz , discusses  bilateral tie - Pakistan. Eco - friendly alternatives to Single Use Plastics. CAs Today Must Tackle Three Ps Profit People Planet ICAI President. Books to Look out for in July 2022 - Boydell and Brewer. Spore launches three new satellites into space for security , climate , disaster monitoring. Worldview with Suhasini Haidar | What were the outcomes of the G7 Summit ?. RE : Europe Returns to Coal and Lessons for Africa. Putin War in Ukraine Shows the Limits of Western Sanctions. India at Crossroads – Indian Defence Research Wing. Political tensions escalate in State. UK , India on Track to Dramatically Expand Innovation Economies. Single - Use Plastic Ban From July 1 : What Are The Banned Items , Changes And Penalty Amount ? | NDTV - Dettol Banega Swasth Swachh India. AP News Summary at 10 : 27 a . m . EDT. AP News Summary at 10 : 04 a . m . EDT. India to advance large - scale green hydrogen production. Many dead , dozens missing as rain triggers mudslide in India. Mudslide leaves 19 dead and around 50 missing in northeast India. Why the Supreme Court EPA - climate change ruling matters. AP News Summary at 9 : 12 a . m . EDT. Investor charm campaign planned for major ASEAN business summit. Berlin Bulletin : Summit season over Meet the next Merz Travel chaos – POLITICO. It time for a real lead on climate change | Islington Tribune. Dr Jitendra calls for  whole of Government  approach - Jammu Kashmir Latest News | Tourism. AP News Summary at 8 : 43 a . m . EDT. AP News in Brief at 6 : 04 a . m . EDT. AP News Summary at 8 : 37 a . m . EDT. AP News Summary at 7 : 27 a . m . EDT. After the G7 Summit , Germany Climate Envoy Says Rich Countries Are Still Falling Short. AP News Summary at 7 : 02 a . m . EDT. Michael Hudson : A Depression Is Coming | naked capitalism. OPINION : Sweden incredible disappearing climate election. Govt bans single use plastic items. AP News Summary at 6 : 29 a . m . EDT. The Worldwide Seasoning & Spices Industry is Expected to. Inaugural Point Zero Forum concludes in Zurich with more than 1 , 000 senior - level attendees. View from India : Bosch India inaugurates its first smart campus in the country. India New Draft National Policy on Disability Is Disconnected From Reality – The Wire Science. HR Magazine - Majority of united kingdom workers motivated by climate change. Landslide in India Buries Dozens , Killing at Least 18. Protestors glue themselves to Vincent van Gogh painting. India ban on select single - use plastic items : A start but still a long way from blanket ban. Conservatives in US Supreme Court deal blow to climate action. AP News Summary at 6 : 06 a . m . EDT. AP News Summary at 5 : 43 a . m . EDT. Mudslide leaves 16 dead , over 70 missing in northeast India. Top 5 Companies That Have Pledged To Go Carbon Neutral. Why trophy hunting will NOT save Africa lions",80,True,-1.0,risk,0.7717,0.0,1.0
India,2022-12-31,"50 Poorest Countries in the World. 50 Poorest Countries in the World - Insider Monkey. What Have Cats Got to do With Climate Change ? An Interview with Dr . John Goodrich. influential people who died in 2022 | News. India Emerges as Key Global Player Amid Russia War in Ukraine. Tamil Nadu Govt To Set Up Regional Startup Hub In Madurai. Dont insult Shri Ram by sloganeering anywhere : Andhra Congress leader. Which apps will survive 2023 ? Experts predict the downfall of BeReal and Twitter. Is natural gas just as responsible as coal for global warming , as Union minister claims ?. 2023 should be the year climate change is mainstreamed into India development decisions. War in Ukraine to tech layoffs : A look at 10 events that defined 2022. Final goodbye : Recalling influential people who died in .... Staff refusing to work weekends and are demanding raises - as TikTok  act your wage  movement booms. Final goodbye : Recalling influential people who died in 2022 | Taiwan News. Yearender 2022 : The Market in retrospect , looking at the year ahead. 2023 : What to expect in the World this year. Meet Dr . Vikram Sarabhai , the pioneer who taught rocket science to India. Political and economic forecasts for 2023 : Estimates by Western think tanks. School outreach programme at Bandipur tiger reserve to turn Karnataka students into eco - volunteers. Welcome To IANS Live - BUSINESS - The Market : 2022 in retrospect and looking at the year ahead. Welcome To IANS Live - NATION - The Market : 2022 in retrospect and looking at the year ahead. Links 12 / 31 / 2022 | naked capitalism. Weekly Commentary : 2022 Year in Review. In 2022 , agriculture sector demonstrated resilience   - The Hindu BusinessLine. A world of possibilities : 10 surprisingly good things that happened in 2022. 2022 in retrospect and looking at the year ahead. Challenges & opportunities for the insect farming space in India in 2023. The world in 2023 : what our writers say you should watch out for. Indian economy performs well in 2022 | The Navhind Times",29,True,0.0,neutral,0.4545,0.0,0.0
India,2023-06-29,"The Golden Ring : Unlocking tremendous real estate potential in Delhi - NCR tier - 2 cities. Dr . Girish Panicker receives International Conservation Research Award from the Soil and Water Conservation Society. Dr . Girish Panicker receives International Conservation. Global Perovskite Solar Cell Market Size To Worth Usd 11 . 75 Billion By 2032 | Cagr Of 30 . 5 %. Resilience is a choice  – SVP on the changing regulatory landscape and its role in de - risking for t. China Tibet Policies Could Create Many  Environmental Refugee in Asia : Experts. H - 1B visa : Canada launches new bid to poach skilled tech workers from US. Marcos Jr . gets  above - par  rating for 1st year as President. Biodiversity Pulse Weekly : Thursday June 29 , 2023 « Carbon Pulse. Global Animal Biotechnology Market Size / Share Envisaged to Reach USD 56 , 949 . 40 Million By 2032 , at 8 . 8 % CAGR : Polaris Market Research. Will feds adopt unhinged Senate bill deterring fossil fuel investment ?. What Ottawa should be talking about. Joint Statement on the 5th India - Philippines Joint Commission on Bilateral Cooperation. Centre , Bihar take stock as state edges towards drought. Asia - Pacific Hyperscale Data Center Market Outlook Report 2023 - 2028 Featuring Established and New Players Such as Adaniconnex , EdgeConneX , GreenSquareDC , Hickory , MettaDC , Stockland , & Yondr. ZSI to collaborate with Bhutan for red panda conservation. First Thing : Ukraine advances as Putin greets crowds in rare walkabout. Ukraine Gains On Bakhmut , France Riots Spread , Book Your BarbienB. Cultivation practices of garlic – Talk Vietnam. Potato cultivation practices – Talk Vietnam. Bihar Govt discusses drought preparedness , assures contingent measures will be taken if need arises. India Explores Potential for More Lithium Reserves in J & K , First Auction By December. The surprising upside of climate migration. India , US plan to send Indian astronaut to ISS in 2024 : Biden. India to organise 3 - day global conference on green hydrogen in July , ET EnergyWorld. Skeptical Science New Research for Week # 26 2023. More Local and Indigenous Communities are Getting Land Back – Mother Jones. Decarbonization : A way forward for India. Secretary Antony J . Blinken in a Conversation With Council on Foreign Relations President Richard Haass. Asia - Pacific jobs at risk from climate change , but cleaning up can lift growth - report. Australian business award – Talk Vietnam. Australian business – Talk Vietnam. H - 1B visa : Canada launches new bid to poach skilled Silicon Valley tech workers. After fleeing war in Ukraine , many African and Asian students are relocating to Georgia. India news : How an emerging New India can change the sluggish Old India. 9 Infamous Assassins and the World Leaders They Dispatched. Indian government introduces draft for Green Credits , to reward environmental initiatives. AP News in Brief at 12 : 04 a . m . EDT. Braverman jets in but will migrants fly out ?. India road network beats China. CEFC boosts investment in energy efficient  build - to rent  apartments. Daily briefing : Amid Manipur violence , Mizoram feels the strain ; tracing Delhi history with the Yamuna ; and more. Who are G20 Sherpas and what is their role in the G20 Summit ?",43,True,1.0,opportunity,0.9273,1.0,0.0
India,2023-06-30,"AP News Summary at 5 : 27 p . m . EDT. AP News Summary at 4 : 48 p . m . EDT. India $14 . 9 Bn Electric Vehicle Markets , Competition Forecast & Opportunities , 2028F - Government Initiatives and Subsidies and Rising Environmental Concerns Fueling Growth. Congress President Kharge , Danish envoy Svane exchange views on Green Strategic Partnership. AP News Summary at 3 : 44 p . m . EDT. At least 13 die in extreme heat wave in US. Lonely Planet founder names his 50 all - time top travel destinations. Fact - checking social media claims from the past week. Govt Says Tomato Prices Will Cool Down in Next 15 Days ; Normalise in a Month. High Commissioner for Human Rights Calls on States and the Council to Pledge to Take Concrete and Transformative Action to Tackle Gender - based Violence against Women and Girls in Public and Political Life - World. NOT REAL NEWS : A look at what didnt happen this week. AP News Summary at 2 : 11 p . m . EDT. The looming threat : Assessing the implications of Bangladesh next general election on India internal security. Is It Time for India to Reconsider Its Stand on The Hague Abduction Convention ?. UK environment minister quits with stinging criticism of PM Rishi Sunak. Equal pay for equal work in india – Talk Vietnam. Décisions du Conseil des Ministres du 30 juin 2023 – Maurice Info. IIT Madras Hosts  Industry Day 2023  towards Decarbonizing Indian Economy – India Education | Latest Education News | Global Educational News. World Bank approves $1 . 5 billion financing for India low carbon energy sector. News diary 3 – 9 July : Sunak before Liaison Committee , ULEZ challenged. Tomato prices | Government says tomato prices will cool down in next 15 days , normalise in a month. AP News Summary at 9 : 34 a . m . EDT. AP News Summary at 8 : 48 a . m . EDT. UK calls for UN reform with permanent Security Council seat for India. The Hydrogen Stream : Metallic - alloy coating improves hydrogen production. Making International Summits Work. AP News Summary at 6 : 51 a . m . EDT. Links 6 / 30 / 2023 | naked capitalism. AP News Summary at 6 : 10 a . m . EDT. Form 424B4 Savers Value Village ,. Meet the Kerala farmers who turned to agroforestry to save soil , crops. Why , as a Muslim woman , I have reservations about the Uniform Civil Code. Ambulance crew see death up close as rural India battles extreme summer heat. Research as driver of Make in India - Sentinelassam. AP News Summary at 4 : 56 a . m . EDT. AP News Summary at 3 : 00 a . m . EDT. Show your CCP loyalty : Republicans linked to Sequoia Venture Capital are acting very weird – NaturalNews . com. AP News Digest 3 : 05 a . m .. The G - 8 Summit : President Bush Must Stand Firm on Global Warming. World Bank Approves $ 1 . 5 Billion Financing for India Low Carbon Energy Sector. In rural India , summer heat can be deadly. AP News Summary at 2 : 16 a . m . EDT. World Bank approves $1 . 5 bn financing for India low carbon energy sector. Destroying Eastern Ukraine to Save It. A dying art : India female seaweed divers look to a brighter future for their girls | Global development. Roaming Charges : Strange Coup. In rural India , summer heat can be deadly . Ambulance .... How NRF aims to boost research in higher educational institutes. Japan cashed up trading houses eye green splurge. Unnati Research Collaboration : Recipients announced. Prime Minister Modi Visit To Egypt : Building A Strategic Partnership – Analysis – Eurasia Review. June 2023 aid news - Devpolicy Blog from the Development Policy Centre. Nandy : The president we need should have these characteristics",53,True,0.0,neutral,0.5029,0.0,0.0
India,2023-07-01,"India June heat wave deaths are a harbinger of worse to come. US Politics and the Paris Finance Summit. Boosting Vaccine Demand and Acceptance : Key Takeaways from the VARN 2023 Conference. How to achieve economies of scale through sustainable digital innovations for startups. Uk Supports India Bid For Un Security Council Permanent Membership. Manipur CM says wont resign amid big show of support. Sri Lanka : President is hopeful that Sri Lanka will be able to shed its bankruptcy status by September. Why Indians dont want to be Indian citizens anymore. Fast food sector 4 – Talk Vietnam. Extreme heatwave forecast in US : 85 big cities brace for dangerous temperatures. Protecting biodiversity top priority of Modi govt : Environment Min. Tomato prices to stabilise in next 15 days , says Centre. Tomato Prices To Come Down In 15 Days ; To Be Normal In Month : Govt. UPSC Essentials | Weekly news express with MCQs : National Research Foundation , Earth axis , India LFPR , and more. RAKEZ fuels economic growth by welcoming over 1 , 500 new companies Q2 2023. NOT REAL NEWS : A look at what didnt happen this week - Hawaii Tribune - Herald. Unlocking the benefits of carbon credits for a sustainable future. Is there a role for informal waste pickers in the new waste economy ?. To support India low - carbon transition , World Bank approves $1 . 5 - bn financing. Yago Sevilla : Why Seville latest heatwave has a name. What Is The Future Of The Liberal Arts In Asia ?. Why Indian industry finds Deepak Parekh impact well beyond that of an iconic institution builder. Climate change :  Supporting MSMEs in ESG adoption essential for sustainable and inclusive future. In rural India , summer heat can be deadly . Ambulance crews see the toll up close. How fast fashion might be making you sick. AP News Summary at 8 : 20 p . m . EDT. National Maritime Heritage Complex in Gujarat Lothal to be developed as an international tourist destination. AP News in Brief at 6 : 04 p . m . EDT",28,True,1.0,opportunity,0.6927,1.0,0.0
India,2024-01-01,"Western Railway Churchgate Headquarters Building Completes 125 Years ; Know History & Significance. John Pilger , RIP. India needs to take on China on supply chain : Mahindra. A lookahead for 2024 : US elections , Paris Olympics , COP 29 and more. Where to go in 2024 : The best places to visit. Ramaswamy urges Iowans to caucus on Jan . 15. Water governance reforms overdue - The Hindu BusinessLine. Open mike 02 / 01 / 2024. Opinion : Democratic governments get their biggest tests in worldwide elections in 2024. 24 things we think will happen in 2024. 10 Conflicts to Watch in 2024. Could 2024 be the year nature rights enter the political mainstream ?. Are you ready for seismic change in 2024 ?. Why global leaders need to learn how to manage and limit immigration. 10 Conflicts To Watch In 2024. Deception Island. Achieving Holistic Sustainability Through Food Systems. Fyllo in talks to partner Coromandel International and Dhanuka Agritech to widen farmers reach. From Mergers To Israel : Deadline 2024 News Predictions – Deadline. India gasps for breath : 2023 : As India gasps for breath , NGT cracks whip to spur authorities strive for cleaner air , water. Anand Mahindra gives New Year wishes with optimistic outlook for 2024. From Mega - Mergers To ( More ) Union Strife , India To Israel : Ten Storylines Set To Dominate The International Media Biz In 2024. World needs India to become reliable challenger to China supply - chain dominance : Anand Mahindra. Indian startup funding landscape : An analysis of 2023 and outlook for 2024. Local climate action under threat from lack of political will - The Zimbabwe Independent. An undervalued PSX - Business. Goodbye and Good Riddance to 2023 - The American Spectator. What at stake in 2024. A Balanced Globe of Human Beings - The American Spectator. What at stake in 2024 | CNN Politics. Best travel destinations to visit in 2024. ESR | January 1 , 2024 | Dictatorial control , from Covid to climate. From elections to war , here what 2024 may look like. New Year : Tackle economic hardship , Nigerians tell FG. Interview with Amir Iqbal , CEO - Sindh Engro Coal Mining Company - BR Research. Australian economy 2024 : Wage increases , lower mortgage repayments tipped. A Peep Into 2024 Nigeria , By Owei Lakemfa. Ten business trends for 2024 , and forecasts for 15 industries. Goa takes Bhutan cue on use of forestry in net zero goal | Goa News. Polls at north and south around the world : Looking forward into 2024. Run - up to the interim Budget 2024 - 25 : Capex growth to slow ; outlay may be up 10 %. Foreign interference in Canada : A 2023 recap - Powell River Peak",42,True,0.0,neutral,0.6207,0.0,0.0
India,2024-06-29,"Maldives Arrests Climate Change Minister for Performing  Black Magic  on President. Zero casualty approach is adopted for disaster management : Amit Shah. Siblings abandon modern construction methods to build hand - sculpted mud house in mountains :  If birds and ants can make their homes , why cant we ?. Weekly roundup of climate change news to June 30 , 2024. What is holding up the Teesta treaty ? | Explained. Why does a NATO member suddenly want to join BRICS. G20 : Civil Society Talks Green Funds , Just Transition Finance. 3 Policy Approaches To Tackle Extreme Heat. There plenty of hot air in climate debate | News , Sports , Jobs. WB approves $1 . 5 bn more to aid India low - carbon emission reforms. Habit of conquest by NDRF jawans makes both individual & force great : Shah. In PM Modi third term , Pakistan outreach to India. Hyundai Inster Vs Tata Punch EV : Range , specs , features compared. Roadmap to EV 30 @ 30 : How can India achieve this ambitious target. UP govt asks officials to ensure start of commercial operations of Noida airport by Dec. Amit Shah Lauds NDRF Team on Successful Return of Second  Vijay  Mountaineering Expedition – India Education | Latest Education News | Global Educational News",16,True,0.0,neutral,0.4696,0.0,0.0
India,2024-06-30,"Half The Globe Is Voting In 2024 - 80 % Want Climate Action , New UN Study. Govt brings out checklist of 1 . 04 lakh animal species. Start your week smart : Democratic donors , Supreme Court ruling , Hurricane Beryl , car dealerships , Warren Buffett. For India garbage pickers , extreme heat makes a miserable job worse. When West Nile virus turns deadly. Court on climate right and how India can enforce it. Dyer : U . S . pursuit of Julian Assange will scare potential whistle blowers. Zimbabwe solar sector poised for growth. Indo - US defence companies betting big on each other for next 20 - 30 years. Notes from Central Taiwan : Foreign workers again. These are the major elections NPR correspondents are watching. Need to strengthen agriculture extension system to address climate change issues : experts. The importance of Social Sciences today. IsDB approves $369m for development projects in Turkiye , Turkmenistan , and Suriname. PM Modi in Moscow ? How the expected visit can be a geostrategic masterstroke. Transforming universities into sustainability hubs. Climate breakdown magnifies western Nepal woes. AP News Summary at 6 : 54 a . m . EDT. Unreleased titles mount at OTT platforms amid political controversies. On Humanizing Law : CJI DY Chandrachud Address At Oxford University. AP News Summary at 6 : 50 a . m . EDT. How West Virginia polluters want to undermine citizen efforts to better monitor the air we breath. Ice baths and ventilators : India hospitals adapt to killer heat. Rishi Sunak faces uncomfortable TV grilling as he challenged over complaints that  nothing works in Britain  amid viewer moans about potholes , NHS appointments , sewage , and schools not being able to afford glue - sticks - just four days before ele.... Union Environment Minister Bhupender Yadav attends ZSI 109th foundation day celebration. Harnessing Technology to Reduce Carbon Footprints : India Path to Net Zero - Sustainability News. Extreme heat puts India garbage pickers at greater risk amid miserable working conditions. AP News Summary at 3 : 31 a . m . EDT. For India garbage pickers , a miserable and dangerous job made worse by extreme heat. Maldives : Why Muizzu has to walk the talk for promised  succes in India relations – Firstpost. Starmer Faces Big Test in Steel Heartland If He Wins Power. For India garbage pickers , a miserable and dangerous job made worse by extreme heat - Review Nepal News. Exclusive : Intelsat bets big on localisation , plans 100 % wholly owned Indian arm. PM Modi extends birthday wishes to Union Minister Bhupender Yadav. For India garbage pickers , extreme heat makes miserable , dangerous job worse. For India Garbage Pickers , a Miserable and Dangerous Job Made Worse by Extreme Heat. FOCUS ON Sadc SUMMIT 2024 : COMOROS. For India garbage pickers , a miserable and dangerous job made worse by extreme heat – Winnipeg Free Press",38,True,-1.0,risk,0.6545,0.0,1.0
India,2024-07-01,"Conservation personnel pay homage to the last  akikiki in the wild : Big Island Now. Saying goodbye to the last  Akikiki in the wild ; Field team has unique connection to near - extinct honeycreeper : Maui Now. Surviving the scorch : Strategies for managing heat waves in India. India takes first steps to meet 2070 net - zero goal , Niti Aayog forms panels. I own a curry house and I could be forced to close in the next six months. The world climate leaders need better data. Blueprint for change : Navigating India green building frontier , ET RealEstate. How West Virginia polluters want to undermine citizen efforts to better monitor the air we breathe. Darlington MP candidate : Q & A with Reform pick Michael Walker. How powdered rock could help slow climate change. Hurricane Beryl makes landfall on Grenada Carriacou island. US , India to establish Gandhi - King Development Foundation : Embassy. Unveiling Muslim Perspectives : Election Dynamics , Governance Challenges and Continued Atrocities – TwoCircles . net. Climate change was a hidden force in India elections . Now Modi needs to deliver solutions .. Britain - India FTA : united kingdom general election : FTA with India on manifesto agenda for both Tory , Labour. Weekly Musings – NFO Pick ( ICICI Prudential Energy Opportunities Fund ). Why India should repeal its colonial - era sedition law - World. Pakistan rice exporters facing shipment rejections from EU , united kingdom and US. How attitudes to immigration have evolved in The Globe through the generations. The £6bn high - speed railway will cut journeys by 8 hours | World | News. UPSC Key | 1st July , 2024 : New Criminal Laws , National Party Tag , Great Indian Bustard and more. An Opportunity To Shape History : A 100 - day Plan For The Government In Its Third Term. China Is a Paper Tiger on Rare Earth Minerals. For India garbage pickers , a miserable and dangerous job made worse by extreme heat – ARAB TIMES – KUWAIT NEWS. US Supreme Court overturns Chevron doctrine : What it means for climate change policy. World Bank approves $1 . 5 billion loan to support India hydrogen plans – pv magazine International. UPSC Current Affairs Pointers of the past week | June 24 to June 30 , 2024. Explainer Union Budget of India : India economy : A - Z all you need to know before announcement of Union Budget. 2024 Elections Around the World : Results. Rice exports at risk - Business. Monthly Review | Imperialism in the Indo - Pacific An Introduction. Global leadership void as the world teeters. World Bank has the stats but the citizens understand Myanmar dire economic straits – ENG . MIZZIMA . COM. Frontiers | Perceived satisfaction and household fuel transition : evidence from Ugandan households. Parliament session : NEET , Agnipath , new criminal laws likely to be on agenda today. General election 2024 : All you need to know about the contest for Livingston. EaseMyTrip signs MoU with Uttar Pradesh EcoTourism Development Board to boost tourism in state. Confronting The Global Menace Of Hate Speech In Election Campaigns : Perspectives From India And Beyond. Xi attendance to help SCO pool strength. LPG gas price : OMCs slash commercial gas cylinder prices from July 1 ; check new rates here. Rural Inflation - The Statesman. Oil marketing companies reduce prices of LPG commercial cylinders by Rs 30. In a first , fauna checklist of over 1 lakh species launched. South Africa  Government of Neoliberal Unity  is constructed on shaky ground. Global leadership void as the world teeters - The Zimbabwe Independent. Global leadership void as the world teeters - Newsday Zimbabwe. Three - day Mangrove Patha Utsav in City. Here Why These Troubling Trends Mean Mass Chaos is Likely Coming to the West …. CP Daily : Sunday June 30 , 2024 « Carbon Pulse. A hot Earth is with us",50,True,1.0,opportunity,0.4965,1.0,0.0
India,2024-12-30,"2024 In Review : A Year of Global Reordering – Sri Lanka Guardian. Why Nextracker ( NXT ) Is One of the Best Renewable Energy Stocks to Buy Now ?. India forest cover grows , but grim realities linger. Assam Tacking Climate Change Effects Head On | Guwahati News. Rise in rural demand , urban wages likely to spur consumption ; but will geopolitics oblige ?. Prospects of economy expected to improve in 2025 : RBI Guv. Budget 2025 : Industry bodies call for income tax cuts , fuel duty reduction in pre - Budget meet. 2024 : Notable people who died. A year of resetting the political game , and what it could usher in. Has Bangladesh revolution been a success ?. The year in review : Influential people who died in 2024 – Winnipeg Free Press. Afghanistan harvests 40 tons saffron : official - Xinhua. Influential People Who Died In 2024 | Positive Encouraging K - LOVE. How PM Modi Secured Historic Third Term In 2024 , Defying Global Anti - Incumbency Wave. India Inc seeks cut in personal income tax rates , flags dumping by China at pre - Budget meet. budget 2025 - 26 : India Inc seeks cut in personal income tax rates , flags dumping by China at pre - Budget meet. RBI Governor Sanjay Malhotra shares key insights on economy , business optimism for 2025 . Here what he said. Prospects of economy expected to improve in 2025 : RBI Governor. Surge in India Foreign Debt : $29 . 5 Billion Increase in Third Quarter of 2024. Ottawa corrosive plan for socially just science. India Deepens GCC Ties : PM Modi Visits , Trade Growth. How the world voted in 2024. Upcoming Global Events to Watch in 2025. Electric wallpaper and carbon - sequestering cows : Positive environmental stories from 2024. Budget 2025 - 26 : CII Seeks Cut In Income Tax , 3 - Tier Customs Duty To Spur Growth. Budget 2025 - 26 : CII seeks cut in income tax , 3 - tier Customs duty to spur growth. Critical Data Remain Elusive As 2024 Comes To A Close. NIFTEM - K rolls out new technologies to fuel growth in food processing sector. NIFTEM - K Rolls Out New Technologies To Fuel Growth In Food Processing Sector. Public capex growth hits a plateau. Montek Singh Ahluwalia on Manmohan Singh : A wise , gentle and persuasive leader who made a huge difference",31,True,1.0,opportunity,0.6076,1.0,0.0
India,2024-12-31,"Climate risks : Global collective action needed to protect the planet. Looking back on 2024 : Achievements and challenges. Why abductions in Kenya pose a threat to national security – DW – 12 / 31 / 2024. The 25 Richest Families in the World 2024. Opinion : Climate protest crackdown intensifies globally | The Canberra Times. Sowing responsible tourism : How does your garden grow ?. Looking back at 2024 | Results of key elections in Asia. 2024 : Senator Barau 15 outstanding legislative activities in 12 month. ASIA Asia : the 10 personalities of 2024. Pollution markets can power economic growth and improve environmental quality : Michael Greenstone. With some bumpy rides in 2024 , auto industry expects favourable business climate in 2025. How India Fared In Battling Vector - Borne Diseases In 2024. We are determined to work even harder in 2025 , realise our dream of Viksit Bharat : PM Modi. Nifty ends 2024 flat on final day , gains 8 . 7 per cent for the year. Young Entrepreneur Building on Legacy Supporting Digital India with Xcare . in. Year in review : A look at national news events in November 2024 - SwiftCurrentOnline . com - Local news , Weather , Sports , Free Classifieds and Job Listings. UPSC Key | 31st December , 2024 : SpaDeX Mission , Good Governance Index , and Parker probe. After rough ride in 2024 , Indian startups look for a promising new year. Year in review : A look at national news events in November 2024 - DiscoverEstevan . com - Local news , Weather , Sports , Free Classifieds and Business Listings for the Estevan , Saskatchewan. Year in review : A look at national news events in November 2024 - WestCentralOnline : West Central Saskatchewan latest news , sports , weather , community events .. Shyam Menon : We Are In An Era Of Puppets And Puppeteers - Rediff . com India News. Year Ender : 2024 marked a year for India youth to go big | MorungExpress. Year in review : A look at national news events in November 2024 - SteinbachOnline . com - Local news , Weather , Sports , Free Classifieds and Job Listings for Steinbach , Manitoba. ASIA Asia : the 10 faces of 2024. Space Coast launch schedule. Editor Picks : Green Queen Top 10 Future Food Stories of 2024. Made in Wuhan , shipped by Beijing : A story of how Communist Party of China gave world Covid - 19 pandemic – Firstpost. From Modi to Trump : 11 elections of 2024 that changed the world. Year Ender : 2024 marked a year for India youth to go big. The Ecological Footprint of Data Centers : The Downpour of a Digital Future. Under the radar : Protests that missed public eye in 2024 but made their voices heard | India News. Year in review : A look at national news events in November 2024 - ReachFM : Peace Country hub for local and Christian news , and adult contemporary Christian programming .. The year in review : Influential people who died in 2024 | News , Sports , Jobs. 2024 in review : Headlines from the co - op world. New Year Honours 2025 | University of Oxford. RBI Governor Sanjay Malhotra : Economic revival or mirage ? RBI Governor Malhotra makes growth predictions for first time , ET Retail. Co - ops Resilience & Growth in 2024 : Asia - Pacific achievements Highlighted. Jammu Kashmir In 2024. Pop Quiz 2024 : Do you remember everything that happened this year ?. NRI Investment Season : A Booming Opportunity in Indian Real Estate. The 10 most read articles of The Hindu online in 2024. The Evolving Strategic Partnership Between India and Kuwait. Influential people who died in 2024. Economy to improve in 2025 : RBI Governor. The Indian Ocean tsunami : 20 years on. The climate scorecard is looking bleak in 2025. Pre - Budget meet : India Inc seeks personal income tax cut , flags dumping by China. Grand path paved for Việt Nam to enter era of nation rise. India strengthens diplomatic , economic ties with GCC in 2024. The year in data : how 2024 stacked up for economy , politics , climate and more",50,True,-1.0,risk,0.8592,0.0,1.0
India,2025-01-01,"The year in review : Influential people who died in 2024. Drafting of July proclamation yet to begin : Rizwana. Trump populism : A deadly shift in politics | Newcastle Herald. The year in review : Influential people who died in 2024 | iNFOnews | Thompson - Okanagan News Source. Modi Govt New Year Gift To Farmers : Higher Crop Insurance , Fertilizer Subsidy. Can India become the world third superpower ? It faces huge challenges in 2025. Korea - Oman JV inks green ammonia production pact. THE COMING YEAR Asia : the 2025 agenda. Year in review : A look at news events in February 2024 - Canada News. Best travel destinations to visit in 2025. Union Cabinet clears extra fertiliser subsidy , revamped crop - insurance scheme. Year in review : A look at news events in January 2024 - Canada News. Year in review : A look at events in November 2024. Year in review : A look at events in November 2024 – Winnipeg Free Press. UPSC Key - 1st January 2025 : H - 1B visas , Manipur Violence and UDISE Plus Report. Year in review : A look at events in November 2024 | iNFOnews | Thompson - Okanagan News Source. Valencia floods showed why coastal cities should restore their wetlands. New Year New Challenges New Opportunities - Features. The Powerhouse of West Africa. No salt in Sri Lanka till April - May this year - Breaking News. World greets 2025 after sweltering year of Olympics , turmoil and Trump. Trump presents opportunities but Trudeau is unlikely to take them. Karnataka : Kharge family faces allegations of misuse of govt land amid contractor controversial death. Treat us like human : Fishing wars trap Indians in Sri Lankan waters | Climate Crisis. Year in review : A look at events in June 2024 – Winnipeg Free Press. Year in review : A look at events in June 2024 | iNFOnews | Thompson - Okanagan News Source. World greets 2025 after year of Olympics , turmoil and Trump. Year in review : A look at events in June 2024. Year in review : A look at events in May 2024. Year in review : A look at news events in January 2024 | iNFOnews | Thompson - Okanagan News Source. Year in review : A look at events in May 2024 | iNFOnews | Thompson - Okanagan News Source. Year in review : A look at news events in February 2024 | iNFOnews | Thompson - Okanagan News Source. EQT , Temasek Sell Indian Energy Firm O2 Power for $1 . 5 Billion. The understated leadership of Manmohan Singh was rare and inspirational. On environment front , 2024 was see - saw year. Pre - Budget Talks : India Inc . Pushes for Income Tax Relief , Lower Fuel Duties & More. Why Labour could be the last hurrah for liberal democracy in united kingdom. PM OLI  CHINA VISIT : A Success For Business | New Spotlight Magazine. Editorial Roundup : United States. The year in review : Celebrities , influential people who died in 2024. Bangkok Post - World greets 2025 after sweltering year of Olympics , turmoil and Trump. World greets 2025 after sweltering year of Olympics , turmoil",42,True,1.0,opportunity,0.4624,1.0,0.0
Indonesia,2020-07-01,"CP Daily : Wednesday July 1 , 2020 « Carbon Pulse. The Latest : UN council asks end of conflicts in virus areas. Future generations will thank us for green bans. The Latest : British experts slam US for hoarding remdesivir. The Latest : Virginia governor scales back restaurant bars. A Tense Atmosphere in Foreign Relations : Estonia First Months As a Non - permanent Member of the Security Council – ICDS. The substance of a Korean Green New Deal is still being defined. Global tourism faces up to $3 . 3 - trillion hit from Covid - 19 – latest updates. The Latest : Thailand proud of European recognition on virus. The Latest : British experts slam US for hoarding remdes .... Still made in China ?  You bet  say united kingdom small companies. Green Building Materials Market to Reach USD 573 . 91 Billion by 2027. The Latest : Egypt reopens airports , museums , Giza Pyramids. The Latest : Tourists arrive by train to Croatia coast. Pakistan Covid - 19 recoveries at 50 percent , cases still up – latest updates. The Latest : Africa cases pass 400 , 000 ; over 10 , 000 dead. The Latest : Africa cases pass 400 , 000 ; over 10 , 000 de .... The Latest : Egypt reopens airports , museums , Giza Pyram .... The Latest : WHO urges prioritizing both health and econ .... The Latest : Germany easing entry rules for 11 non - EU nations. The Latest : Germany easing entry rules for 11 non - EU na .... The Latest : WHO urges prioritizing both health and economy. Seven companies to relocate facilities to Indonesia , invest $850 million. New Tech Lets Marine Scientists Track Real - Time Health of Coral Reefs Around the World. Seven companies to relocate facilities to Indonesia , invest US$850mil. Saving workers from the hell of the fishing industry in Asia. VIETNAM BUSINESS NEWS HEADLINES JULY 1. Indonesian radio gets covid creative to communicate climate crisis. Climate fund seeks to mobilise $2 . 5b in clean energy investments for SE Asia. What the worst that could happen ? - The world should think better about catastrophic and existential risks | Briefing",30,True,0.0,neutral,0.5193,0.0,0.0
Indonesia,2020-12-28,"Market for carbon credits shows signs of recovery. As world sours on coal , top producer Indonesia tries to sweeten it at home. Are You Committing Blasphemy ?. Notable deaths in conservation in 2020. The Dumb Dream of Turning Coal to Gas Just Wont Die. Biodiesel Expansion Could Worsen Deforestation in Indonesia. Looking towards a post - pandemic Indonesia : Jakarta Post contributor. 2020 taught us to treat nature better. China - Bangladesh bilateral currency cooperation enjoys broad prospects. A year like no other. Looking toward a post - pandemic Indonesia : Jakarta Post contributor",11,True,1.0,opportunity,0.887,1.0,0.0
Indonesia,2020-12-29,Environmental News Network - Biodiesel Expansion Could Worsen Deforestation in Indonesia. 4 of the biggest challenges were tackling in 2021. Open mike 30 / 12 / 2020. Indonesia creates expert wetlands team to revitalize development goal efforts. Indonesia five most consequential environmental stories of 2020. 4 Ocean Victories of 2020 - Ocean Conservancy. Foreigners Implicated In Hunt For Crocodile Private Parts. India Together : The long arms of trade - 04 November 2015. 5 years since Paris Agreement : Race to net zero is on. How the pandemic impacted rainforests in 2020 : a year in review,10,True,1.0,opportunity,0.9334,1.0,0.0
Indonesia,2020-12-30,"Open mike 31 / 12 / 2020. News - China Recolonizes Africa | Heartland Institute. A Quest to Save the Orangutan | Science | Smithsonian Magazine. Top positive environmental stories from 2020. Australia is the last Western holdout on the climate crisis . But some states and businesses are calling for change. Environmental hero brings back fish to a barren Turkish sea. AstraZeneca Stock Rises on Vaccine Approvals. The Top Ten International Drug Policy Stories of 2020 [ FEATURE ]. parihaka « The Standard. introvert « The Standard. Ceramic Tile Market 2020 | Global Size , Share , Growth of Networking Platforms , Business Strategies , Top Key Players Analysis and Research Forecast till 2023",11,True,1.0,opportunity,0.788,1.0,0.0
Indonesia,2020-12-31,"Africa Continued to Reel Under Conflict in 2020. Going into the new millennium , Cabinet papers show Australia was on the cusp of monumental change. Sinking Ground Could Affect 19 % of Earth Population. There are plenty of reasons for the government not to cut the overseas aid budget. Mongabay environmental investigations in 2020. Steps by united kingdom Government to empower businesses. Past the spring and into the Arab winter. UVic biologists find coral recovers better during heat wave if no local pollution. ERR News looks back at 2020 in Estonia. 2020 in review : A year without precedent. Charles and Camilla Year in Review – Royal Central. Amid 2020 gloom , there are reasons to be hopeful about the climate in 2021. What does 2021 hold for Asia , US - China relations , Hong Kong , and Australia trade with China ?. China Recolonizes Africa",14,True,-1.0,risk,0.7312,0.0,1.0
Indonesia,2021-06-28,Why Investors Must Hold MUFG Bank Accountable For Climate Impacts. Perfumes and Fragrances Market Analysis & Forecast for Next 5 Years,2,True,-1.0,risk,0.7905,0.0,1.0
Indonesia,2021-06-29,"BOI approves hidrobag manufacturer investment project – Manila Bulletin. Repsol plans FID for Sakakemang in Indonesia in 2022 - News for the Energy Sector. Crikey Worm : Shots in the dark. Shots in the dark. Human Rights Council Holds Separate Interactive Dialogues on Prevention of Genocide and on Violence Against Women - World. Uighur crisis : West needs to alter its approach. Australian PM blasts Great Barrier Reef downgrade plan by UNESCO. Ecocide : why establishing a new international crime would be a step towards interspecies justice. A Space Laser Shows How Catastrophic Sea Level Rise Will Be. Myths , Lobbies Foster Competitive International Corporate Tax Cutting. Music Streaming Market to Witness Huge Growth by 2026 | Google , Pandora Media , Spotify – KSU. Jigsaw Puzzle Market SWOT Analysis by Size , Status and Forecast to 2021 - 2026 – KSU. US Judge Gives Facebook a  Like. South Korea New Southern Policy : The Indonesia Dimension – The Diplomat. WWF - Malaysia : Those responsible for Mabul reef damage must be held accountable. Parañaque LGU inks agreement to address ocean plastic pollution – Manila Bulletin. Hobbling Indonesia anti - corruption body. Green finance grows across the region. Update on Renewable Energy Sources ; Indonesia ( Untapped ) Geothermal Power Potential. Liquor Market Size Analysis , Business Scope , Drivers and Growth Opportunities by 2026. Anti - aging Products Market to See Huge Growth by 2026 | LOreal , Shiseido , Revlon , Olay. Is America Coal Country coming back to life ? | Economic Collapse News",22,True,0.0,neutral,0.6237,0.0,0.0
Indonesia,2021-06-30,"2021 P4G Summit to kick off in Seoul [ VIDEO ]. New study finds five Asian countries are building 80 percent of the world new coal power plants. VIETNAM NEWS HEADLINES JUNE 30. Four social institutions launch pilots to tackle marine debris. China is facing its worst power shortage in a decade . That a problem for the whole world. Myths , Lobbies Block International Tax Cooperation. Net Zero : Senate passes net - zero emissions bill. June 30 , 2021 - The Japan Times. DW News Asia with Biresh Banerjee , 30 June 2021 | DW News - latest news and breaking stories | DW. Grand Illusions : The Impact of Misperceptions About Russia on U . S . Policy. The Red Boat that changed the fate of a nation : A perspective from Africa. Stop Israeli weapons killing global environmental activists - U . S . News. Climate crisis to turn Manila , other Asian cities into bodies of water. China facing worst power shortage in a decade. Why build 600 new unprofitable coal plants ? | Environment| All topics from climate change to conservation | DW. Why is the Philippines still importing rice ? The Green Revolution and the food sustainability problem - FlipScience - Top Philippine science news and features for the inquisitive Filipino .. Remarks By Mr Ravi Menon , Managing Director , Monetary Authority of Singapore At The MAS Annual Report 2020 / 2021 Virtual Media Conference On 30 June 2021. In the Philippine war on waste , a startup deploys black soldier flies | News | Eco - Business. New coal plants in Asia threaten Paris targets | Environment| All topics from climate change to conservation | DW. Saudi Artist Launches World first Artist - Approved Physical NFT ( AP - NFT ). THP Cigarettes and E Cigarettes Market is Booming Worldwide with BAT , Imperial Tobacco , Altria Group. Data Analytics in L & H Insurance Market Next Big Thing | Major Giants Deloitte , SAP , LexisNexis , IBM. Personalized Medical Care Market May Set New Growth Story with Johnson & Johnson , Roche , Labcorp. Countering the  China Threat  – at What Price ? - Antiwar . com Original. Meet the 25 young trailblazing wāhine of this year Y25. Tolaram diversified strategy for growth in Africa. Energy Council pushes low - carbon energy development. Climate , biodiversity & farmers benefit from rubber agroforestry : report. WednesdaysForWater #: Pollution , climate change  impacting  oceanic life , livelihood. Five Asian countries account for 80 % of new coal power investment",30,True,0.0,neutral,0.488,0.0,0.0
Indonesia,2021-07-01,"Russia , China , Turkey among those cited in US trafficking report. Phu Quoc Island : A Key Investment Destination for the Tourism Industry. For banks that backed PH coal boom , the path to renewable energy comes with roadblocks. Sabah divers down in the dumps over coral destruction in Mabul. Top Analysis Of Carbon Capture and storage Industry Rapidly Growing In Future. Qatar Fund for Development , Ooredoo Group and UNICEF signs a strategic partnership agreement to support millions of children lives around the world - World. Systemiq CFO , Andrew Morrow CA , on why accountants play a crucial role in tackling the planet most urgent challenges. The Human Family Tree , It Turns Out , Is Complicated - Issue 102 : Hidden Truths. Recent acquisitions highlights - June 2018. Summer Scholars 2006 - 2010",10,True,1.0,opportunity,0.7211,1.0,0.0
Indonesia,2021-12-29,"2021 : The Year of Political Leadership Failure | Coronavirus pandemic. Complying with ESG Aspects , Pertamina Determines to Reduce Carbon Emissions. 2021 : The year of failed political leadership. The United States empire is almost always at war - Pearls and Irritations. Mining Chemical Market set for explosive growth. Year ahead : China economic shift may yield winners and losers. A dozen things that helped and hurt climate progress in 2021. Year ahead : China economic shift may yield winners and losers | International Trade News. Pertamina supporting climate village programs to meet ESG commitment. Africa Bulletin October 2021 | Stories That Matter - International Law",10,True,0.0,neutral,0.684,0.0,0.0
Indonesia,2021-12-30,"2021 : A Year in Stories. Iran - China 25 - year Cooperation has Major Regional and Global Implications. East Asia and Latin America - a bridge too far and too few ?. Meeting Unprecedented Challenges Head On : UNICEF Looks Back At 2021. Jakarta to see more  green  buildings. Environmental Consulting Services Global Market Report. Mongabay Top 10 Indigenous News Stories of 2021. What can world leaders do to make the COP26 deforestation pledge a success ?. Masdar signs deal to develop Georgia largest utility - scale solar power plant. Investegate |Savannah Energy Plc Announcements | Savannah Energy Plc : Proposed Placing & Subscription to Raise US$65m. Mongabay 10 most popular posts of 2021. Nuclear Electricity Global Market Report 2022. What can world leaders do to make COP26 deforestation pledge a success ?. Technology , innovation crucial for agricultural development in 2022. KUNA : World Major Events in 2021 - General",15,True,1.0,opportunity,0.8668,1.0,0.0
Indonesia,2021-12-31,Russian Federation : Sakhalin - A front - runner of Russian climate policy. Democracy Now ! at 25 : Celebrating a Quarter - Century of Independent News on the Frontlines. Africa : What Can World Leaders Do to Make COP26 Deforestation Pledge a Success ?. Single data information system boosts MSME cooperative market : KSP. Flood mitigation should be priority program in 2022 : Expert. Biomass Electricity Global Market Report 2022. Year in review : A look at news events in January 2021. Indonesian Foreign Policy in 2021 : The Year in Review. indian economy : The risks & challenges for businesses and economies. Death Toll Over Poisonous Local Brews Doubles. Wind Electricity Global Market Report 2022. National  Breakfast Prayer  Event Cancelled,12,True,1.0,opportunity,0.8226,1.0,0.0
Indonesia,2022-01-01,"UAE - Masdar continues to strengthen its leading stature in .... Indonesia bans coal exports in January over domestic supply worries. Masdar continues its leading stature in clean energy sector. Masdar continues to strengthen its leading stature in clean energy sector. Emirates News Agency - Masdar continues to strengthen its leading stature in clean energy sector. Indonesia bans coal exports in January over domestic supply .... Sabah must move away from conventional , exploitative , extractive economy : Jeffrey | Daily Express Online. Development and conservation clash at Komodo National Park. VIETNAM NEWS HEADLINES DECEMBER 30. Indonesia bans coal exports until Jan 31",10,True,0.0,neutral,0.6354,0.0,0.0
Indonesia,2022-06-30,"Annual Leader Meeting - Jakarta , Indonesia | Prime Minister of Australia. Behind the Tin Curtain : BRICS+ vs NATO / G7. KUWTT :  We will go far together  | July 1 , 2022. Home and abroad : The Hindu Editorial on PM Modi G - 7 commitment to protect freedom of speech. VOA Asia Weekly : G7 Offers an Alternative to China Belt and Road Initiative. Global Geothermal Power Generation Markets , 2020 - 2022 & 2026 : Innovation in Geothermal Power Generation Led by Industry Players , Academia , Startups and Research Institutions - ResearchAndMarkets . com. UN Meet Sees Blitz Of Pledges To Protect Ailing Oceans. Home and abroad  - The Hindu. News - Hurricanes Not Increasing , Despite Warming. Does Buying a Carbon Offset for Your Laptop Really Help the Planet ?. A conservation failure in Sumatra serves a cautionary tale for PES schemes. Leaders must deliver  strong  ocean treaties : Greenpeace. USS Abraham Lincoln arrives in Hawaii for RIMPAC kickoff. Stuffed Toys Market is Booming Worldwide | Mattel , Hasbro , Vtech. E - commerce CRM Software Market Changing Strategies to Remain Competitive. Water Wars :  Weve Seen This Movie Before : U . S . Suspicious of Beijing Motives in Solomon Islands. Global Health Security Conference 2022 - United States Department of State. Russia - Ukraine war : Russia withdraws from Snake Island and says Ukraine should demine waters – live news. IPEF : A New Addition to Southeast Asia Overlapping Economic Constellations - Lucio Blanco Pitlo III. Ministry seeks to improve Indonesia , Japan automotive cooperation – Indonesia Tribune. VIETNAM BUSINESS NEWS JUNE 30. Russia - Ukraine war : Russia withdraws from Snake Island , puts pressure on Ukraine to demine waters for grain exports – live news. Economic diplomacy : Names trump numbers in the new BRI debt battle. Why are we feeding crops to our cars when people are starving ? | George Monbiot. US , Indonesia partner to promote sustainable business practices. Egypt turns to Malaysia , Indonesia for vegetable oil amid food export bans. About us | Fact Check. Indonesian calls , messages at G7 Summit. ASEAN parliamentarians urge Marcos to restore  eroded  rule of law , democracy. Small Island States Call for Broader Legal Rules , Stronger Partnerships to Sustainably Manage Oceans. Global Rtd Infant Milk Market Size and Share Research Report 2022 Drivers Analysis , Price , Restraints , Trends and Forecast to 2029. Make in Vietnam  platforms and sovereignty milestones in digital space. Russia - Ukraine war : Nato calls Moscow  the most direct threat to security and stability  as it welcomes Finland and Sweden – live",33,True,1.0,opportunity,0.6957,1.0,0.0
Indonesia,2022-07-01,"150 Scholarships to Empower Pathways to STEM & Sustainability Education in Australia. First - Ever High Resolution Map of World Coral Reefs Is Complete. Aquaculture drives aquatic food yields to new high. The world is getting tired of thi : Supreme Court deals blow to US climate credibility. One Speech , Two Meanings. Plastics ban could spur Canadian companies to tackle harder - to - replace packaging , say industry watchers. Coffee News Recap , 1 Jul : PRF Colombia takes place in Medellín , USDA estimates 2022 / 23 production will increase by 7 . 8 million bags & other stories. Recognize reality of a rapidly ageing Asia - Pacific region and revitalize the role of older persons in society , urges UN forum » FINCHANNEL. Christians worry over rise in Papua rebel attacks. Proposed plants in Indonesia , Bangladesh scrapped as Japan scales back coal funding. Recognize reality of rapidly ageing Asia - Pacific region and revitalize role of older persons. Indonesian govt yet to spur to action even as toxic air chokes Jakarta. A Roadmap for India Climate Cooperation with Pacific Small Island Developing States. CO2 - 1 - 0 ( CARBON ) CORP appointe - GuruFocus . com. China Clears Its Backlog of Stranded Australian Coal But Dont Expect Beijing to Buy More Soon. Top Stories from the European Council - 27 June - 1 July 2022 EUbusiness . com. C20 asks leaders to pay attention to civil society issues. Why the true cost of driving green will be paid in Africa and developing nations. eu « The Standard. In Africa , Putin War on Ukraine Drives Food , Fuel and Finance Crises | United States Institute of Peace. The mountain that helps power Britain. Leaders must sign  strong  ocean treaties : Greenpeace - Science - Environment News - Report by AFR | Online Free Press release news distribution",22,True,1.0,opportunity,0.7368,1.0,0.0
Indonesia,2022-12-29,"Newsletter 2022 - 12 - 29. What Can Half or Whole Earth Conservation Strategies Do for Orangutans ?. canadian syrup , made in the united states ....... 2022 Year in Review : A time of strong post - pandemic recovery for Saudi Arabia. Brazil Lula picks Amazon defender for environment minister – Metro US. Brazil : Lula appoints Amazon defender Marina Silva as environment minister. Transcript of the Press Briefing by the Foreign Office Spokesperson on December 29. Amazon rainforest defender Marina Silva named Brazil new environment minister. 2022 in review , Part 3 : Queen dies ; Smith becomes premier",9,True,1.0,opportunity,0.6231,1.0,0.0
Indonesia,2022-12-30,"Business legacies threaded through New Year Honours 2023. Indonesia issues emergency regulation to replace jobs law. Environmental review of 2022 : another mile on the  highway to climate hell  | Climate crisis. Indonesia issues emergency regulation to replace controversial job law ; legal experts criticise move. Brazil makes climate - policy shift. Jokowi enacts regulation in lieu of Law No . 2 / 2022 on job creation. E . Orchlon : Our platform will be a starting point for getting everyone involved in the fight against climate change. Opportunities and challenges for Swedish foreign policy. Brazil Lula Picks Amazon Defender for Environment Minister – NBC4 Washington. Brazil Lula Picks Amazon Defender for Environment Minister – NBC Chicago. Brazil Lula Picks Amazon Defender for Environment Minister – NBC Connecticut. Brazil Lula Picks Amazon Defender for Environment Minister – NBC 5 Dallas - Fort Worth. Brazil Lula Picks Amazon Defender for Environment Minister – NBC 7 San Diego. Vital mangroves , seagrass and corals remain unprotected in Indonesia. How the G20 evolved - The Hindu. Brazil Lula picks Amazon defender for environment minister. Economic recovery plans , export market expansion mark 2022 in Vietnam. Brazil Lula Picks Amazon Defender for Environment Minister – NBC New York. Brazil Lula Picks Amazon Defender for Environment Minister – NBC 6 South Florida. Brazil Lula Picks Amazon Defender for Environment Minister – NBC Los Angeles. Brazil Lula Picks Amazon Defender for Environment Minister – NBC Bay Area. Brazil Lula Picks Amazon Defender for Environment Minister – NBC10 Philadelphia. From declining deforestation to quitting coal , Indonesia marks a pivotal 2022. US , Europe , China in race for Africa , scramble for continent begins. Floods hit every continent in 2022 : what can be done to limit the damage ?. The ASEAN green , social and sustainability ( GSS ) bond market. 12 Must Have Books And Podcasts For Leaders In 2023. Indonesia  essential  mangroves , seagrass and corals remain unprotected. What happened in the world rainforests in 2022 ?. Malaysia economy forecast to expand 4 - 5 % in 2023 | World",30,True,0.0,neutral,0.79,0.0,0.0
Indonesia,2022-12-31,"Year in Review : Treasury Top Accomplishments During Year Two of the Biden - Harris Administration. Brazil Lula picks Amazon defender for environment minister | News , Sports , Jobs. Ministry outlines initiatives in encouraging development of MSMEs. Main Events , Happenings Around Globe In 2022. 2022 Pacific political upheavals eclipse Tongan volcano. Can China Help Brazil Restart Its Global Soft Power ?. US Treasury Top Accomplishments During Year Two Of The Bid .... How realistic is the forecast that Pakistan will be world sixth - largest economy by 2075 ? - Business. Brazil Lula picks Amazon defender for environment minister - New Delhi Times - India Only International Newspaper. Top mangrove news of 2022. Improving the Philippine investment climate. ESTCON2022 : BUILDING CONNECTIONS , ESTABLISHING COLLABORATIONS. 2022 As It Happened. Why SA needs a rapid build - out of renewables",14,True,1.0,opportunity,0.6151,1.0,0.0
Indonesia,2023-01-01,"Unpacking the Biden administration approach to China. What Does the World Need to Achieve Sustainable , Inclusive Growth ?. Semarang City Welcomes New Year 2023 As Floods Hit. VIETNAM NEWS HEADLINES JANUARY 1. Tampa , Bali bombings , 9 / 11 and the Kyoto Protocol : today cabinet paper release shows what worried Australia in 2002. Tampa , Bali Bombings , 9 / 11 And The Kyoto Protocol : Today C ...",6,True,0.0,neutral,0.673,0.0,0.0
Indonesia,2023-06-26,"PHL , WB ink loan deals worth $1 . 14B - BusinessWorld Online. 23 foreign diplomats visit Nunavut communities for 2023 Northern Tour. AP Trending SummaryBrief at 8 : 39 a . m . EDT. Poaching has decimated the numbers of this rare cockatoo . Could a feral flock in Hong Kong save the species ?. Letters : Warning : veganism can be very dangerous for the planet. Application of genetic engineering in RI to achieve food sovereignty. Alexa global rank – Talk Vietnam. College global ranking – Talk Vietnam. Balancing act urged in achieving green goals",9,True,1.0,opportunity,0.6723,1.0,0.0
Indonesia,2023-06-27,"The choice between a poorer today and a hotter tomorrow. Indonesia Seeks Investors to Boost Oil , Gas Output. FIU students earn some of the most prestigious scholarships in the world to study overseas. The world lost an area of tropical forest as big as Switzerland in 2022. May 3 to june 27 – Talk Vietnam. Liturgy june 27 2021 – Talk Vietnam. June 27 sunday – Talk Vietnam. Lectionary june 27 2021 – Talk Vietnam. Hannity june 27 2022 – Talk Vietnam. Aeon mall vietnam – Talk Vietnam. 2018 june 27 – Talk Vietnam. Forest loss spikes despite climate summit vows. Working Group Underscores Exigent Need for Capacity Building to Advance the Implementation of the Guiding Principles on Business and Human Rights , and …. Climate change : Deforestation surges despite pledges. World Bank approves Indonesia loan , funding for clean energy and health. China Reopening in 2023 - Changes to Economy , Policy , and Diplomacy. New data show 10 % increase in primary tropical forest loss in 2022. Pinsent Masons advises IFC on multimillion green and social bond issuance in Indonesia. Forest loss the size of Switzerland in 2022. York v wigan challenge cup on tv – Talk Vietnam. Fuel economy smart – Talk Vietnam. World natural hazards – Talk Vietnam. Poorboys world natural look – Talk Vietnam. One half world nature seems dead – Talk Vietnam. Top 10 prestigious jobs in the world – Talk Vietnam. Joining us challenge – Talk Vietnam. Deforestation Down in Indonesia Amid Increases Elsewhere. More Indigenous and local communities are getting land back. Recreate top gear vietnam – Talk Vietnam. Episode top gear vietnam – Talk Vietnam. Tropical forest losses rise in 2022 despite pledge to end them. Post climate change world – Talk Vietnam. Mercenary how to say it – Talk Vietnam. Food waste and climate change – Talk Vietnam. Scientists who study climate change – Talk Vietnam. Food waste on climate change – Talk Vietnam. Vietnam visa free 15 days – Talk Vietnam. Mercenary how to say – Talk Vietnam. Cash strapped sri lanka scraps monkey business plan – Talk Vietnam. Food waste climate change – Talk Vietnam. Vietnam got talent 2021 – Talk Vietnam. Will climate change end the world – Talk Vietnam. ASEAN urged to act on transboundary haze. EIPC Summer Conference 2023 : The Keynote Session. Summit of ambitions",45,True,1.0,opportunity,0.9402,1.0,0.0
Indonesia,2023-06-29,"Regional govts asked to oversee carbon economic value implementation. Uae 40 days tourist visa – Talk Vietnam. Ericsson : Building 5G networks with precision. AP News Summary at 11 : 48 p . m . EDT. Why  Global Britain  Will Prove a Welcome Partner for Southeast Asia – The Diplomat. AP News Summary at 11 : 46 p . m . EDT. Study : Deforestation Increased in 2022 Despite Promised Reduction. Human Rights Council Hears of Urgent Need for International Solidarity in Responding to Humanitarian Crises , Conflicts and Forced Displacement , and of the Climate of Impunity for Abuses of the Rights to Freedom of Peaceful Assembly - World",8,True,0.0,neutral,0.656,0.0,0.0
Indonesia,2023-06-30,"CASHMAN : Everybody Loves Alex Jones. 17 million number – Talk Vietnam. Investing 60 million dollars – Talk Vietnam. 17 million millions – Talk Vietnam. Tents for Hajj Pilgrims in Mina are lacking , the Ministry of Religion will evaluate. 2 , 000 hajj pilgrims hit by heat stress : Saudi officials. Lula historic speech in Paris",7,True,1.0,opportunity,0.7079,1.0,0.0
Indonesia,2023-12-27,"Australia actions on the world stage in 2023. Can Southeast Asia afford to retire its coal plants ? – DW – 12 / 27 / 2023. Double A paper – a sustainable solution for paper consumption ?. Five elections set to shape Europe in 2024 , the biggest ballot year in history. Thailand FTA Talks with EU : What You Need to Know - Thailand Business News. Namibia : 2023 in Review - a Year of Economic Revival. Record - breaking : At least 50 elections in 2024 – from US to Indonesia to Taiwan",7,True,1.0,opportunity,0.8641,1.0,0.0
Indonesia,2023-12-28,"Cocoa exportation : NEXIM Bank MD harps on need to maximise Value Add Opportunities. Cambodia and PM internal and global successes in 2023. Sleep Now in the Fire : the Year in Climate. The sovereign pays back : A review of global CRA methodologies. 25 Best Online Business Degree Programs Heading Into 2024. A year of collaboration and achievements for PNG. Asia sugar market to navigate lower cane output , changing import demand in H1 2024. Opinion : 2024 will be the biggest voting year in world history . Can democracy survive it ?. New roadmap charts course to greener trade - CIFOR Forests News. World Bank Director Tells Pakistan to Overhaul its Economy. Lumpy skin , live - ex , China : The big moments for Aussie beef in 2023 | Stock & Land. In bid to counter China , US ramps up effort to boost military ties in Asia",12,True,1.0,opportunity,0.8286,1.0,0.0
Indonesia,2023-12-29,"How to avoid crowds in worst destinations for overtourism. Treasury Centre of Population must be a Jim Chalmers propaganda unit | The Canberra Times. Petrostates planning huge expansion of fossil fuels , says UN report –  These plans throw humanity future into question . Governments must stop saying one thing and doing another . – Desdemona Despair. Diplomacy at Work in 2023 - United States Department of State. Indigenous - led coalition calls for moratorium on terrestrial carbon trade. The Biggest Green Coffee Stories of 2023Daily Coffee News by Roast Magazine. These were 2023 worst destinations for overtourism . Here how to avoid the crowds. What Risks Upsetting the Australia - China Detente in 2024 ?. Can Southeast Asia afford to retire its coal plants ? | Hellenic Shipping News Worldwide. A Year Of Energy Headlines. From wind - powered islands to urban forests : Positive environmental stories from 2023. NEXIM Bank MD harps on need for Nigeria to add value to its cocoa exports. Reader Letters : Inequality is a choice Tories inflicted on united kingdom people. 10 Sinking Cities Probably Disappear by 2100. The U . S . presidential race isnt the only election next year . Here are four in Asia that could also reshape global politics. Here are the important elections in Asia in the first half of 2024. WEBCommentary ( tm ) - Dictatorial Control , from Covid to climate. 2023 , the year new records were set in Papua New Guinea. Shoot for the moon with The Globe 2023 science quiz",19,True,-1.0,risk,0.6673,0.0,1.0
Indonesia,2024-06-27,"A Tax on the Super - Rich to Fight Hunger Gains Ground. Open mike 28 / 06 / 2024. Protest Deaths in Kenya Echo Decades of Angst Over IMF. Doing Business in New Zealand | World Law Group. Indonesia , IFAD agree to continue aid program for eastern villages. CFI lessons learned in 2023 : Achievements and takeaways from signatory companies. The climate activists taking down Britain book festivals – while jetting off on long - haul flights. World smallest elephant slides towards extinction. Is This Palm Oil Company Operating on Protected Forestland ?. India Standing in Emerging Asia Manufacturing Index 2024. Penrith and Solway candidates reveal more ahead of General Election. CP Daily : Wednesday June 26 , 2024 « Carbon Pulse. World headed for food wars major commodities trader. Heat wave hits Saudi Arabia , deals pilgrims deadly blows. 50 Biggest Economies in the World by the End of 2024",15,True,0.0,neutral,0.4562,0.0,0.0
Indonesia,2024-06-28,"How Development Banks Can Catalyze Clean Energy in Asia | World Resources Institute. Should Joe Biden do an Andrew Little ?. Right - Wing Shift May Slow , Not Reverse Climate Action. Right - wing shift may slow , not reverse climate action. Heatwave | Nearly 5 billion people endured extreme heat in June ; 619 million affected in India : Report. Energies | Free Full - Text | Climate Change and Energy Security : A Comparative Analysis of the Role of Energy Policies in Advancing Environmental Sustainability. Celebrating Damilola Ogunbiyi CEO of Sustainable Energy for All. Africa : A Tax On the Super - Rich to Fight Hunger Gains Ground. Malaysia ranks seventh most trusted nation , says global survey. The Overhyped Threat of a Human Bird Flu Pandemic is a Hoax to  Reset  Our Food System. Indonesia pledges nickel industry decarbonisation as social and biodiversity concerns linger. Human Rights Council Hears that States Need to Expand International Solidarity Measures to Diminish Inequality and Marginalisation , and that the Backlash against …",12,True,-1.0,risk,0.6114,0.0,1.0
Indonesia,2024-06-29,"Open mike 30 / 06 / 2024. Groups Champion Children Environmental Rights amid the Triple Planetary Crisis. China - France Space Partnership Soaring to New Heights - Defence News. The Chronicle - Breaking news. Indonesia must integrate marine protection with fisheries subsidies , study says. Unlocking Indonesia Economic Power : A Path to High - Income Status. Despite dip , consumer sentiment is most robust in India vis - à - vis global markets. Full text of Lee inaugural speech. 5 Billion People Suffered Extreme Heat In June , 619 Million In India Alone. Global SAF Market Current Oversupply Expected to Change",10,True,1.0,opportunity,0.5706,1.0,0.0
Indonesia,2024-07-01,"Coal use reaches record in Indonesia and Philippines , endangering climate goals : Study. Vietnam , Australia cooperate for sustainable digital future. What is the price of Malaysian waters ? Mogesh Sababathy. What is the price of Malaysian waters ? | The Malaysian Insight",4,True,0.0,neutral,0.7457,0.0,0.0
Indonesia,2024-12-23,The deadly tsunami hit Thailand 20 years ago – trauma will never go away,1,True,-1.0,risk,0.8719,0.0,1.0
Indonesia,2024-12-24,"Restorative Economy as the Key to Food Security and Social Welfare : Practice from Indonesia and Thailand. ASEAN economies : Prosperity at risk without peace. CP Daily : Monday December 23 , 2024 « Carbon Pulse. The environmental trade - offs of modular construction in Indonesia. Nine of our best climate change stories from 2024",5,True,1.0,opportunity,0.8295,1.0,0.0
Indonesia,2024-12-26,Manmohan Singh left a lasting imprint on India external relations. 2024 Political Winners and Losers | The Daily Blog. The 2004 Indian Ocean tsunami was a wake - up call for humanity. 5 Countries with most active volcanoes in the world | World News. Skeptical Science New Research for Week # 52 2024. The 2004 Indian Ocean tsunami was a wake - up call for humanity  – SRSG Kamal Kishore - Indonesia. The Inaugural International Mangrove Conservation And Restoration Conference In Abu Dhabi Concluded Successfully Highlighting A Global Strategy Shapi .... From waste to wealth ( Part – I ),8,True,0.0,neutral,0.5696,0.0,0.0
Indonesia,2024-12-27,Anthony Albanese : How did the prime minister perform in 2024 ?. Climate Change Is Forcing Towns Around The World To Evacuate Permanently. ICTP says it time to reconvene the Tourism Climate Summit. World News : Two decades later : Remembering the 2004 Indian Ocean Tsunami – ICSF. Lessons from 2024 when the penny finally dropped for SE Asia startups. From Poverty to Prosperity. Impoverished countries ask world court to rule on climate change disaster. strikingly lacking in ambition ....,8,True,0.0,neutral,0.6424,0.0,0.0
Indonesia,2024-12-30,Four external challenges most critical to Travel & Tourism future. Indonesia risks carbon  backfire  with vast deforestation for sugarcane | News | Eco - Business. Pacific . scoop . co . nz » RNZ Pacific News : 2024 In Review. Against The Tide : Narendra Modi 2024 Ordeal – Analysis – Eurasia Review,4,True,-1.0,risk,0.8398,0.0,1.0
Indonesia,2024-12-31,"Foreign Investment Fuels Colombia Green Energy Revolution. A palm oil company , a group of US financiers , and the destruction of Peru rainforest. House Speaker asks officers to secure New Year celebrations. A Palm Oil Company , US Investors , and the Destruction of Peru Rainforest. Nestlé Indonesia distributes recycled bench to schools in pursuit of sustainability - Economy. 2024 : In democracy most testing year , disruptions , discontent and defiance. Analysis : Will Prabowo prioritize plans for Nusantara ? - Academia. Indonesian green energy exports : Lessons from LNG - Academia",8,True,1.0,opportunity,0.8649,1.0,0.0
Indonesia,2025-01-01,Prabowo wants more oil palm plantations. Brazil assumes BRICS presidency for the fourth time. Best Places In The World To Live Rich Without Much Money. That a wrap : What did Dawn . com audience read most in 2024 ? - Pakistan. Penang powers ahead with double the force,5,True,1.0,opportunity,0.7408,1.0,0.0
